{
    "manifest": {
      "publishingInformation": {
        "locales": {
          "en-US": {
            "summary": "Sample Short Description",
            "examplePhrases": [
              "Alexa open dynamodb starter"
            ],
            "keywords": [
              "keyword1",
              "keyword2",
              "keyword3"
            ],
            "name": "",
            "description": "Sample Full Description",
            "smallIconUri": "https://s3.amazonaws.com/cdn.dabblelab.com/img/skill-template-default-sm.png",
            "largeIconUri": "https://s3.amazonaws.com/cdn.dabblelab.com/img/skill-template-default-lg.png"
          }
        },
        "isAvailableWorldwide": true,
        "testingInstructions": "No special instructions.",
        "category": "EDUCATION_AND_REFERENCE",
        "distributionCountries": []
      },
      "apis": {
        "custom": {
          "endpoint": {
            "sourceDir": "lambda/custom"
          }
        }
      },
      "manifestVersion": "1.0",
      "privacyAndCompliance": {
        "allowsPurchases": false,
        "locales": {
          "en-US": {
            "termsOfUseUrl": "",
            "privacyPolicyUrl": ""
          }
        },
        "isExportCompliant": true,
        "containsAds": false,
        "isChildDirected": false,
        "usesPersonalInfo": false
      }
    }
  }